{"cameraMode":{"drawMode":0,"name":"Shaded","section":"Shading Mode"},"sceneLighting":true,"audioPlay":false,"sceneViewState":{"showFog":false,"showMaterialUpdate":false,"showSkybox":false,"showFlares":false,"showImageEffects":false,"showParticleSystems":false},"in2DMode":false,"pivot":{"x":3.0877366065979006,"y":4.013050079345703,"z":6.825178146362305},"rotation":{"x":-0.12918521463871003,"y":0.7425219416618347,"z":-0.6399243474006653,"w":-0.1498972773551941},"size":4.041658401489258,"orthographic":false}