{"cameraMode":{"drawMode":0,"name":"Shaded","section":"Shading Mode"},"sceneLighting":true,"audioPlay":false,"sceneViewState":{"showFog":false,"showMaterialUpdate":false,"showSkybox":false,"showFlares":false,"showImageEffects":false,"showParticleSystems":false},"in2DMode":false,"pivot":{"x":-9.076371192932129,"y":-5.179368495941162,"z":1.7606292963027955},"rotation":{"x":-0.10919816046953201,"y":0.8295285701751709,"z":-0.17448434233665467,"w":-0.519146740436554},"size":42.57622146606445,"orthographic":false}