{"cameraMode":{"drawMode":0,"name":"Shaded","section":"Shading Mode"},"sceneLighting":true,"audioPlay":false,"sceneViewState":{"showFog":false,"showMaterialUpdate":false,"showSkybox":false,"showFlares":false,"showImageEffects":false,"showParticleSystems":false},"in2DMode":false,"pivot":{"x":-155.25782775878907,"y":-99.093505859375,"z":244.29441833496095},"rotation":{"x":-0.17084716260433198,"y":0.2741793692111969,"z":-0.04956064000725746,"w":-0.9450823664665222},"size":333.863525390625,"orthographic":false}